id,recipe_id,ingredient_id,ingredient_amount
1,1,180,300g
2,1,264,2ÁÜ
3,1,87,Àû´ç·®
4,1,202,Àû´ç·®
5,1,56,1½ºÇ¬
6,1,213,1½ºÇ¬
7,1,133,1½ºÇ¬
8,1,124,2½ºÇ¬
9,1,91,2½ºÇ¬
10,1,170,3½ºÇ¬
11,2,171,2°³
12,2,234,2Á¶°¢
13,2,294,4Å«¼ú
14,2,123,1ºÀÁö
15,2,239,Á¶±Ý
16,3,171,150g
17,3,14,2°³
18,3,227,1Àå
19,3,218,2Àå
20,3,87,2½ºÇ¬
21,3,188,1²¿Áý
22,4,171,200g
23,4,29,2½ºÇ¬
24,4,294,1½ºÇ¬
25,4,292,120g
26,4,234,2½ºÇ¬
27,4,185,100g
28,4,222,0.3Á¾ÀÌÄÅ
29,4,12,10g
30,4,188,1²¿Áý
31,5,113,200g
32,5,243,1Å«¼ú
33,5,4,0.25°³
34,5,25,2°ø±â
35,5,188,Àû´ç·®
36,5,76,1°³
37,5,220,0.5Å«¼ú
38,5,77,Àû´ç·®
39,5,202,Àû´ç·®
40,6,104,2°³
41,6,234,30g
42,6,35,
43,6,213,1½ºÇ¬
44,6,96,1½ºÇ¬
45,6,91,0.5½ºÇ¬
46,7,120,1Á¾ÀÌÄÅ
47,7,133,1½ºÇ¬
48,7,234,1Á¶°¢
49,7,87,2½ºÇ¬
50,7,170,2½ºÇ¬
51,7,214,1½ºÇ¬
52,7,124,1½ºÇ¬
53,7,213,1½ºÇ¬
54,7,271,1½ºÇ¬
55,7,277,Àû´ç·®
56,8,223,1kg
57,8,7,1Æ÷±â
58,8,54,2±¹ÀÚ
59,8,133,3Å«¼ú
60,8,247,1Å«¼ú
61,8,65,300g
62,8,100,3Å«¼ú
63,8,192,1L
64,9,102,600g
65,9,274,2Å«¼ú
66,9,133,1Å«¼ú
67,9,182,2Å«¼ú
68,9,56,1Å«¼ú
69,9,100,2Å«¼ú
70,9,83,1Å«¼ú
71,9,202,1Å«¼ú
72,9,188,Àû´ç·®
73,10,20,
74,10,122,
75,10,176,
76,10,213,
77,10,83,
78,10,38,
79,10,87,
80,11,221,10Àå
81,11,182,1Æ¼½ºÇ¬
82,11,233,1Æ¼½ºÇ¬
83,11,83,1Æ¼½ºÇ¬
84,12,304,20°³
85,12,282,140g
86,12,231,0.5°³
87,12,196,2½ºÇ¬
88,12,224,0.5½ºÇ¬
89,12,293,3ÂÊ
90,12,91,2½ºÇ¬
91,12,87,1½ºÇ¬
92,12,83,1½ºÇ¬
93,13,51,1ºÀ
94,13,122,1ÁÜ
95,13,231,0.5°³
96,13,14,1°³
97,13,83,Àû´ç·®
98,13,202,Àû´ç·®
99,13,213,2½ºÇ¬
100,13,224,0.5½ºÇ¬
101,13,124,0.5½ºÇ¬
102,13,96,2½ºÇ¬
103,13,277,3Å«¼ú
104,14,20,5ÁÙ
105,14,231,0.5°³
106,14,206,7°³
107,14,133,1Æ¼½ºÇ¬
108,14,224,1Æ¼½ºÇ¬
109,15,308,50g
110,15,277,0.25ÄÅ
111,15,113,300g
112,15,188,0.3Å«¼ú
113,15,124,2Å«¼ú
114,15,213,4Å«¼ú
115,15,87,4Å«¼ú
116,15,83,2Å«¼ú
117,15,38,1.5Å«¼ú
118,15,202,1Å«¼ú
119,16,190,1ÁÜ
120,16,14,4°³
121,16,87,2Å«¼ú
122,16,25,2°ø±â
123,16,224,1Å«¼ú
124,16,83,1Å«¼ú
125,17,180,30°³
126,17,231,1°³
127,17,170,5Å«¼ú
128,17,213,1½ºÇ¬
129,17,124,1½ºÇ¬
130,17,271,1½ºÇ¬
131,17,224,1½ºÇ¬
132,17,91,1½ºÇ¬
133,18,82,0.5´Ü
134,18,14,3°³
135,18,87,2½ºÇ¬
136,18,274,1ÁÜ
137,18,188,3²¿Áý
138,19,200,20Àå
139,19,214,2Å«¼ú
140,19,133,1Å«¼ú
141,19,213,1Å«¼ú
142,19,124,1½ºÇ¬
143,19,271,2Å«¼ú
144,19,83,1Å«¼ú
145,19,202,1Å«¼ú
146,20,26,300g
147,20,212,10¸¶¸®
148,20,14,2°³
149,20,231,0.5°³
150,20,122,0.3°³
151,20,87,4½ºÇ¬
152,20,224,2½ºÇ¬
153,20,213,1½ºÇ¬
154,20,133,1½ºÇ¬
155,20,83,1½ºÇ¬
156,20,41,1½ºÇ¬
157,20,160,1½ºÇ¬
158,20,188,1²¿Áý
159,20,1,1²¿Áý
160,21,28,1Äµ
161,21,231,1°³
162,21,14,2°³
163,21,122,Àû´ç·®
164,21,213,4½ºÇ¬
165,21,124,2½ºÇ¬
166,21,277,0.7Á¾ÀÌÄÅ
167,22,8,4Àå
168,22,58,Àû´ç·®
169,23,51,1ÁÜ
170,23,20,2ÁÙ
171,23,122,0.25´ë
172,23,87,Àû´ç·®
173,23,234,1Á¶°¢
174,23,224,1Å«¼ú
175,24,88,1ÁÜ
176,24,212,20¸¶¸®
177,24,231,0.5°³
178,24,122,0.5´ë
179,24,133,1Å«¼ú
180,24,118,1Å«¼ú
181,24,83,1Å«¼ú
182,24,265,0.5ÄÅ
183,24,124,0.5Å«¼ú
184,24,56,1Å«¼ú
185,24,224,1Å«¼ú
186,24,96,2Å«¼ú
187,24,119,Àû´ç·®
188,25,206,1ºÀÁö
189,25,144,1ÁÜ
190,25,231,1°³
191,25,246,0.5°³
192,25,213,2Å«¼ú
193,25,224,1Å«¼ú
194,25,173,2Å«¼ú
195,25,277,4Å«¼ú
196,25,83,1Å«¼ú
197,25,202,Àû´ç·®
198,26,82,1´Ü
199,26,296,0.5¸ð
200,26,213,2½ºÇ¬
201,26,83,1½ºÇ¬
202,26,199,1½ºÇ¬
203,26,124,0.5½ºÇ¬
204,26,188,0.5½ºÇ¬
205,27,151,270g
206,27,28,0.5Äµ
207,27,246,1°³
208,27,91,1¹ÙÄû
209,27,133,1Æ¼½ºÇ¬
210,27,83,1½ºÇ¬
211,27,202,Àû´ç·®
212,27,213,6½ºÇ¬
213,27,124,1.5½ºÇ¬
214,27,96,2½ºÇ¬
215,27,277,1Á¾ÀÌÄÅ
216,28,112,1ÀÎºÐ
217,28,249,15°³
218,28,169,1.5½ºÇ¬
219,28,231,0.25°³
220,28,293,3Åç
221,28,224,1½ºÇ¬
222,28,124,0.5½ºÇ¬
223,28,188,Àû´ç·®
224,28,119,Àû´ç·®
225,28,243,Àû´ç·®
226,29,231,0.75°³
227,29,231,0.25°³
228,29,29,6Æ¼½ºÇ¬
229,29,271,2Æ¼½ºÇ¬
230,29,124,2Æ¼½ºÇ¬
231,29,188,2²¿Áý
232,29,119,ÅåÅå
233,30,50,6°³
234,30,240,1ÄÅ
235,30,29,1½ºÇ¬
236,30,280,1½ºÇ¬
237,30,1,Àû´ç·®
238,30,123,70g
239,31,186,1ÁÜ
240,31,56,1½ºÇ¬
241,31,214,1½ºÇ¬
242,31,213,1½ºÇ¬
243,31,133,1½ºÇ¬
244,31,285,1½ºÇ¬
245,31,83,1½ºÇ¬
246,31,91,2½ºÇ¬
247,31,29,0.5½ºÇ¬
248,31,277,2½ºÇ¬
249,32,51,1ºÀÁö
250,32,246,1°³
251,32,87,2½ºÇ¬
252,32,133,1Å«¼ú
253,32,214,0.5½ºÇ¬
254,32,124,1½ºÇ¬
255,32,160,2½ºÇ¬
256,32,196,1½ºÇ¬
257,32,224,0.5½ºÇ¬
258,32,56,0.3½ºÇ¬
259,32,182,0.3½ºÇ¬
260,32,277,2½ºÇ¬
261,33,73,300g
262,33,188,1Æ¼½ºÇ¬
263,33,85,1Æ¼½ºÇ¬
264,33,83,1Æ¼½ºÇ¬
265,33,312,1Æ¼½ºÇ¬
266,34,9,3°³
267,34,14,2°³
268,34,188,Àû´ç·®
269,34,87,
270,34,277,200ml
271,34,213,1½ºÇ¬
272,34,124,1½ºÇ¬
273,34,224,1½ºÇ¬
274,34,236,1½ºÇ¬
275,35,293,40¾Ë
276,35,87,2Å«¼ú
277,35,277,3Å«¼ú
278,35,213,3Å«¼ú
279,35,294,1.5Å«¼ú
280,35,83,0.5Å«¼ú
281,35,202,Àû´ç·®
282,36,42,0.25Åë
283,36,307,3°³
284,36,122,1´ë
285,36,14,3°³
286,36,1,Àû´ç·®
287,36,243,Àû´ç·®
288,36,83,1Æ¼½ºÇ¬
289,36,202,Àû´ç·®
290,36,25,2ÀÎºÐ
291,36,224,1½ºÇ¬
292,36,196,2Å«¼ú
293,36,124,1½ºÇ¬
294,36,96,2Å«¼ú
295,37,266,1Àå
296,37,251,1ÄÅ
297,37,54,0.5ÄÅ
298,37,214,1½ºÇ¬
299,37,133,0.5½ºÇ¬
300,37,85,2½ºÇ¬
301,37,124,1½ºÇ¬
302,37,96,1½ºÇ¬
303,37,14,1°³
304,37,277,0.5ÄÅ
305,38,10,2ÁÜ
306,38,236,3Å«¼ú
307,38,135,
308,38,56,1Å«¼ú
309,38,170,1Å«¼ú
310,38,69,1Å«¼ú
311,38,252,2Å«¼ú
312,38,78,1Å«¼ú
313,38,38,1Å«¼ú
314,38,133,0.5Å«¼ú
315,39,179,2°³
316,39,219,1ÆÑ
317,39,122,2´ë
318,39,243,1½ºÇ¬
319,39,224,1½ºÇ¬
320,39,285,1Æ¼½ºÇ¬
321,40,178,300g
322,40,231,0.5°³
323,40,14,2°³
324,40,25,2ÀÎºÐ
325,40,181,2°³
326,41,204,320g
327,41,72,Á¶±Ý
328,41,272,Á¶±Ý
329,41,134,0.5Æ¼½ºÇ¬
330,41,77,1½ºÇ¬
331,41,202,1½ºÇ¬
332,42,288,100g
333,42,152,1ÁÜ
334,42,179,1°³
335,42,95,0.5½ºÇ¬
336,42,213,1½ºÇ¬
337,42,277,1½ºÇ¬
338,42,271,1½ºÇ¬
339,42,78,1½ºÇ¬
340,42,294,1½ºÇ¬
341,42,133,0.5½ºÇ¬
342,42,202,1½ºÇ¬
343,43,49,1°³
344,43,164,1°³
345,43,310,Àû´ç·®
346,43,124,2ÀÛÀº¼ú
347,43,199,2Å«¼ú
348,43,207,2ÀÛÀº¼ú
349,43,220,1Å«¼ú
350,43,83,1ÀÛÀº¼ú
351,44,212,20¸¶¸®
352,44,234,20g
353,44,91,2Å«¼ú
354,44,133,1Å«¼ú
355,44,239,Àû´ç·®
356,44,119,Àû´ç·®
357,44,243,Àû´ç·®
358,44,188,Àû´ç·®
359,45,51,1ºÀ
360,45,231,1°³
361,45,122,Àû´ç·®
362,45,14,2°³
363,45,83,Àû´ç·®
364,45,202,Àû´ç·®
365,45,87,Àû´ç·®
366,45,119,Àû´ç·®
367,45,220,2½ºÇ¬
368,45,96,2½ºÇ¬
369,45,192,2½ºÇ¬
370,46,225,200g
371,46,122,1°³
372,46,213,2½ºÇ¬
373,46,124,1½ºÇ¬
374,46,83,0.5½ºÇ¬
375,46,133,0.5½ºÇ¬
376,46,294,1½ºÇ¬
377,47,157,300g
378,47,124,1½ºÇ¬
379,47,196,1½ºÇ¬
380,47,38,2½ºÇ¬
381,47,11,0.5Å«¼ú
382,47,110,1²¿Áý
383,47,96,1½ºÇ¬
384,47,224,0.5½ºÇ¬
385,47,1,1²¿Áý
386,47,274,1Å«¼ú
387,48,131,2°³
388,48,231,0.5°³
389,48,179,1°³
390,48,170,4½ºÇ¬
391,48,224,2½ºÇ¬
392,48,124,1½ºÇ¬
393,48,91,1.5½ºÇ¬
394,48,271,1½ºÇ¬
395,48,83,0.5½ºÇ¬
396,48,202,Àû´ç·®
397,49,20,3ÁÙ
398,49,25,1°ø±â
399,49,231,0.3°³
400,49,250,1°³
401,49,213,1Æ¼½ºÇ¬
402,49,124,1Æ¼½ºÇ¬
403,49,96,1Æ¼½ºÇ¬
404,49,224,0.5Æ¼½ºÇ¬
405,49,133,0.5Æ¼½ºÇ¬
406,49,119,ÅåÅå
407,50,255,1ºÀ
408,50,105,0.5°³
409,50,56,1½ºÇ¬
410,50,214,1½ºÇ¬
411,50,271,2½ºÇ¬
412,50,100,1½ºÇ¬
413,50,83,1½ºÇ¬
414,50,202,Àû´ç·®
415,51,297,
416,51,274,
417,51,172,
418,51,133,
419,51,213,1½ºÇ¬
420,51,214,Á¶±Ý
421,51,199,Á¶±Ý
422,51,83,
423,52,231,2°³
424,52,14,2°³
425,52,44,Àû´ç·®
426,52,25,2°ø±â
427,52,277,12Å«¼ú
428,52,124,2Å«¼ú
429,52,96,4Å«¼ú
430,52,213,4Å«¼ú
431,53,60,200g
432,53,231,0.5°³
433,53,250,1°³
434,53,124,1Å«¼ú
435,53,213,1.5Å«¼ú
436,53,96,1Å«¼ú
437,53,124,1Å«¼ú
438,53,133,1ÀÛÀº¼ú
439,54,9,5ÁÙ
440,54,122,Àû´ç·®
441,54,224,
442,54,202,
443,54,189,
444,55,122,0.5´ë
445,55,77,2½ºÇ¬
446,55,14,4°³
447,55,196,1½ºÇ¬
448,56,131,
449,56,268,
450,56,270,
451,56,188,
452,56,119,
453,56,243,
454,56,213,
455,56,91,
456,56,260,
457,56,133,
458,56,172,
459,57,143,1°³
460,57,76,1°³
461,57,231,1°³
462,57,122,1´ë
463,57,246,2°³
464,57,192,2ÄÅ
465,57,56,1Å«¼ú
466,57,213,2Å«¼ú
467,57,214,1Å«¼ú
468,57,133,1Å«¼ú
469,57,290,0.5Å«¼ú
470,57,119,ÅåÅå
471,58,47,400g
472,58,293,1ÁÜ
473,58,252,1½ºÇ¬
474,58,110,0.5Æ¼½ºÇ¬
475,58,6,0.5½ºÇ¬
476,58,285,Àû´ç·®
477,58,213,3½ºÇ¬
478,58,124,1½ºÇ¬
479,58,91,2½ºÇ¬
480,58,133,0.5½ºÇ¬
481,58,224,1½ºÇ¬
482,58,96,2½ºÇ¬
483,58,83,1½ºÇ¬
484,58,277,0.25ÄÅ
485,59,8,2°³
486,59,58,2Å«¼ú
487,59,14,1°³
488,59,127,Àû´ç·®
489,59,234,0.5Å«¼ú
490,60,269,4Àå
491,60,56,1½ºÇ¬
492,60,214,0.3½ºÇ¬
493,60,124,2½ºÇ¬
494,60,213,1½ºÇ¬
495,60,160,1½ºÇ¬
496,60,133,1½ºÇ¬
497,60,38,1½ºÇ¬
498,60,55,1°³
499,60,119,1²¿Áý
500,60,277,100ml
501,61,269,3Àå
502,61,209,2
503,61,144,3
504,61,56,1.5Å«¼ú
505,61,224,1
506,61,91,1
507,61,214,1
508,61,119,ÅåÅå
509,61,202,Àû´ç·®
510,61,243,Á¶±Ý
511,61,96,1
512,61,83,0.5Å«¼ú
513,62,227,2Àå
514,62,234,1½ºÇ¬
515,62,133,1½ºÇ¬
516,62,294,1½ºÇ¬
517,62,123,Àû´ç·®
518,63,104,1°³
519,63,141,3°³
520,63,179,1°³
521,63,231,0.25°³
522,63,131,0.25°³
523,63,161,0.25°³
524,63,188,Àû´ç·®
525,63,119,Àû´ç·®
526,63,243,5½ºÇ¬
527,64,21,15Àå
528,64,231,0.5°³
529,64,246,2°³
530,64,17,1°³
531,64,144,5Åç
532,64,213,2¼ù°¥
533,64,224,1¼ù°¥
534,64,96,1¼ù°¥
535,64,133,1¼ù°¥
536,64,119,Àû´ç·®
537,65,131,3°³
538,65,56,2½ºÇ¬
539,65,293,1½ºÇ¬
540,65,124,1½ºÇ¬
541,65,91,1½ºÇ¬
542,65,83,2½ºÇ¬
543,65,312,Àû´ç·®
544,66,167,300g
545,66,190,1ÁÜ
546,66,53,1°³
547,66,17,3°³
548,66,231,0.5°³
549,66,118,1½ºÇ¬
550,66,87,Àû´ç·®
551,66,224,2½ºÇ¬
552,66,202,Àû´ç·®
553,66,252,1½ºÇ¬
554,66,188,Àû´ç·®
555,66,119,Àû´ç·®
556,66,183,1.5½ºÇ¬
557,67,82,1ÁÜ
558,67,231,0.5°³
559,67,14,3°³
560,67,188,1ÀÛÀº¼ú
561,67,243,2Å«¼ú
562,67,202,Á¶±Ý
563,68,264,
564,68,20,
565,68,188,
566,69,237,20°³
567,69,222,Àû´ç·®
568,69,122,0.5´ë
569,69,146,0.5ÄÅ
570,69,213,5½ºÇ¬
571,69,124,2½ºÇ¬
572,69,271,2½ºÇ¬
573,69,252,2½ºÇ¬
574,69,170,1½ºÇ¬
575,69,38,1½ºÇ¬
576,70,156,100g
577,70,241,20g
578,70,15,60g
579,70,2,62g
580,70,124,40g
581,70,250,1°³
582,70,257,Àû´ç·®
583,71,267,100g
584,71,104,3°³
585,71,224,0.5½ºÇ¬
586,71,234,20g
587,71,83,1½ºÇ¬
588,71,202,1½ºÇ¬
589,72,88,20g
590,72,231,30g
591,72,161,20g
592,72,4,20g
593,72,51,30g
594,72,14,2°³
595,72,213,0.5½ºÇ¬
596,72,83,0.5½ºÇ¬
597,72,188,
598,73,64,1°³
599,73,122,0.5´ë
600,73,17,1°³
601,73,133,0.5½ºÇ¬
602,73,196,2½ºÇ¬
603,73,184,1½ºÇ¬
604,73,96,1½ºÇ¬
605,73,83,1½ºÇ¬
606,73,202,1½ºÇ¬
607,73,214,1½ºÇ¬
608,74,142,200g
609,74,101,2Å«¼ú
610,74,133,1Å«¼ú
611,74,172,2Å«¼ú
612,74,258,2Å«¼ú
613,74,83,0.5Å«¼ú
614,74,87,Àû´ç·®
615,74,213,1Å«¼ú
616,74,91,1Å«¼ú
617,74,224,1ÀÛÀº¼ú
618,74,294,1Å«¼ú
619,75,197,1°³
620,75,271,1.5ÄÅ
621,75,124,1ÄÅ
622,75,188,1Å«¼ú
623,76,295,1¸ð
624,76,133,1½ºÇ¬
625,76,56,1½ºÇ¬
626,76,213,1½ºÇ¬
627,76,224,0.5½ºÇ¬
628,76,91,2½ºÇ¬
629,76,83,1½ºÇ¬
630,76,285,1½ºÇ¬
631,77,296,0.3¸ð
632,77,212,150g
633,77,104,0.25°³
634,77,4,0.2°³
635,77,161,0.2°³
636,77,231,0.5°³
637,77,150,1½ºÇ¬
638,77,224,0.5½ºÇ¬
639,77,14,2°³
640,78,14,3°³
641,78,77,3½ºÇ¬
642,78,122,1´ë
643,78,85,0.5½ºÇ¬
644,78,202,Àû´ç·®
645,79,225,2Á¶°¢
646,79,243,Àû´ç·®
647,79,239,Àû´ç·®
648,79,231,0.5°³
649,79,234,1½ºÇ¬
650,79,222,1ÄÅ
651,79,183,2½ºÇ¬
652,79,188,Àû´ç·®
653,79,1,Àû´ç·®
654,79,111,1°³
655,80,213,2½ºÇ¬
656,80,96,1½ºÇ¬
657,80,83,0.5½ºÇ¬
658,80,202,1½ºÇ¬
659,80,70,3Àå
660,81,181,5°³
661,81,14,2°³
662,81,25,1°ø±â
663,81,22,5ÄÅ
664,81,83,2
665,81,85,1
666,81,188,
667,82,225,300g
668,82,104,2°³
669,82,243,3½ºÇ¬
670,82,213,2½ºÇ¬
671,82,38,1.5½ºÇ¬
672,82,133,2½ºÇ¬
673,82,124,1½ºÇ¬
674,82,155,0.5½ºÇ¬
675,83,8,2Àå
676,83,277,5½ºÇ¬
677,83,124,4½ºÇ¬
678,83,222,3½ºÇ¬
679,83,234,1½ºÇ¬
680,84,225,2µ¢ÀÌ
681,84,84,2½ºÇ¬
682,84,150,3½ºÇ¬
683,84,188,Àû´ç·®
684,84,1,Àû´ç·®
685,84,87,
686,85,179,1°³
687,85,14,3°³
688,85,231,
689,85,33,Á¶±Ý
690,85,188,Á¶±Ý
691,85,119,Á¶±Ý
692,85,239,
693,86,288,1±×¸©
694,86,122,
695,86,213,1½ºÇ¬
696,86,119,
697,87,157,300g
698,87,119,ÅåÅå
699,87,116,1.5Å«¼ú
700,87,224,1Å«¼ú
701,87,124,0.5Å«¼ú
702,87,96,1Å«¼ú
703,87,277,2Å«¼ú
704,88,133,1½ºÇ¬
705,88,243,1½ºÇ¬
706,88,26,0.5ºÀÁö
707,88,25,2°ø±â
708,88,14,2°³
709,88,122,1°³
710,88,120,10°³
711,88,213,1½ºÇ¬
712,88,224,1½ºÇ¬
713,88,96,2½ºÇ¬
714,88,119,0.5Æ¼½ºÇ¬
715,88,124,0.5Æ¼½ºÇ¬
716,89,141,10ÁÜ
717,89,5,6´ë
718,89,133,2Å«¼ú
719,89,277,400ml
720,89,213,2Å«¼ú
721,89,224,1Å«¼ú
722,89,124,0.3Å«¼ú
723,89,1,Àû´ç·®
724,89,83,1Å«¼ú
725,89,188,Àû´ç·®
726,89,202,Àû´ç·®
727,89,236,2Å«¼ú
728,89,277,2Å«¼ú
729,90,26,2ÁÜ
730,90,14,1°³
731,90,212,11¸¶¸®
732,90,231,0.5°³
733,90,246,1°³
734,90,44,1ÁÜ
735,90,224,2½ºÇ¬
736,90,213,1½ºÇ¬
737,90,133,1½ºÇ¬
738,90,83,0.5½ºÇ¬
739,90,119,Àû´ç·®
740,90,202,Àû´ç·®
741,91,299,1¹ä±×¸©
742,91,14,2°³
743,91,28,200g
744,91,231,0.5°³
745,91,87,1½ºÇ¬
746,91,91,2½ºÇ¬
747,91,83,1½ºÇ¬
748,91,188,1²¿Áý
749,91,199,Àû´ç·®
750,92,225,150g
751,92,179,1°³
752,92,231,0.5°³
753,92,49,0.5°³
754,92,9,2°³
755,92,95,0.5Å«¼ú
756,92,213,1Å«¼ú
757,92,294,0.5Å«¼ú
758,92,133,1ÀÛÀº¼ú
759,92,271,2Å«¼ú
760,92,277,2Å«¼ú
761,93,141,15°³
762,93,225,100g
763,93,231,0.5°³
764,93,179,0.3ÂÊ
765,93,287,2Àå
766,93,119,Á¶±Ý
767,94,56,1½ºÇ¬
768,94,170,3½ºÇ¬
769,94,196,0.5½ºÇ¬
770,94,124,0.5½ºÇ¬
771,94,91,2½ºÇ¬
772,94,133,0.5½ºÇ¬
773,94,202,Àû´ç·®
774,94,264,Àû´ç·®
775,95,25,1°ø±â
776,95,161,0.5°³
777,95,231,0.3°³
778,95,87,1½ºÇ¬
779,95,118,1½ºÇ¬
780,95,274,1ÁÜ
781,95,83,1Æ¼½ºÇ¬
782,95,214,1½ºÇ¬
783,95,56,0.5½ºÇ¬
784,95,213,2½ºÇ¬
785,95,277,2½ºÇ¬
786,95,224,1½ºÇ¬
787,95,133,0.5½ºÇ¬
788,95,119,ÅåÅå
789,96,52,2°³
790,96,251,2ÄÅ
791,96,54,4±¹ÀÚ
792,96,231,1°³
793,96,122,1´ë
794,96,80,450ml
795,96,14,2°³
796,96,213,1½ºÇ¬
797,96,184,2½ºÇ¬
798,96,124,0.8½ºÇ¬
799,96,214,2½ºÇ¬
800,96,133,1½ºÇ¬
801,96,271,1½ºÇ¬
802,97,143,2°³
803,97,20,4ÁÙ
804,97,292,1ÁÖ¸Ô
805,97,222,2½ºÇ¬
806,97,119,1²¿Áý
807,98,8,2Àå
808,98,124,0.5½ºÇ¬
809,98,240,2½ºÇ¬
810,98,29,Àû´ç·®
811,98,123,Àû´ç·®
812,99,227,2Àå
813,99,234,1½ºÇ¬
814,99,133,0.5½ºÇ¬
815,99,239,0.5½ºÇ¬
816,99,294,1½ºÇ¬
817,100,171,
818,100,234,
819,100,294,
820,100,123,
821,101,143,3°³
822,101,94,2½ºÇ¬
823,101,188,1²¿Áý
824,101,213,1½ºÇ¬
825,101,91,1½ºÇ¬
826,101,96,1½ºÇ¬
827,101,277,1½ºÇ¬
828,102,50,3°³
829,102,59,3°³
830,102,123,2½ºÇ¬
831,102,240,2½ºÇ¬
832,103,153,3°³
833,103,56,1Å«¼ú
834,103,170,1Å«¼ú
835,103,213,1Å«¼ú
836,103,91,2Å«¼ú
837,103,133,1Å«¼ú
838,103,277,2Å«¼ú
839,103,83,0.5Å«¼ú
840,104,28,200g
841,104,281,3Àå
842,104,123,1ÁÜ
843,104,239,Àû´ç·®
844,105,296,1¸ð
845,105,84,2½ºÇ¬
846,105,66,1½ºÇ¬
847,105,14,1°³
848,106,106,400g
849,106,97,
850,106,182,1½ºÇ¬
851,106,213,2½ºÇ¬
852,106,96,2½ºÇ¬
853,106,91,2½ºÇ¬
854,106,124,1½ºÇ¬
855,106,133,0.5½ºÇ¬
856,106,83,1½ºÇ¬
857,106,119,Á¶±Ý
858,107,231,1°³
859,107,28,2½½¶óÀÌ½º
860,107,14,1°³
861,107,133,1½ºÇ¬
862,107,79,Àû´ç·®
863,107,312,Àû´ç·®
864,107,213,2½ºÇ¬
865,107,124,1½ºÇ¬
866,107,96,2½ºÇ¬
867,107,277,6½ºÇ¬
868,108,178,250g
869,108,171,1°³
870,108,37,0.5Åë
871,108,168,2°³
872,108,213,1½ºÇ¬
873,108,91,2½ºÇ¬
874,108,96,0.5½ºÇ¬
875,108,133,1½ºÇ¬
876,108,119,Á¶±Ý
877,109,264,20°³
878,109,231,
879,109,179,
880,109,281,
881,109,292,
882,109,29,
883,110,296,0.5¸ð
884,110,81,140g
885,110,81,140g
886,110,96,0.5Å«¼ú
887,110,213,1Å«¼ú
888,110,124,0.3Å«¼ú
889,110,83,1Å«¼ú
890,110,133,0.5Å«¼ú
891,110,274,1Å«¼ú
892,110,119,ÅåÅåÅå
893,111,76,1°³
894,111,66,
895,111,231,0.5°³
896,111,4,
897,111,188,0.5Æ¼½ºÇ¬
898,112,307,4°³
899,112,123,
900,112,231,0.25°³
901,112,188,
902,112,1,Àû´ç·®
903,112,170,
904,112,130,
905,112,239,
906,113,296,1¸ð
907,113,246,2°³
908,113,188,Àû´ç·®
909,113,119,Àû´ç·®
910,113,243,
911,113,214,0.3½ºÇ¬
912,113,133,1½ºÇ¬
913,113,115,2½ºÇ¬
914,113,124,0.5½ºÇ¬
915,113,277,2½ºÇ¬
916,113,77,Àû´ç·®
917,113,199,Àû´ç·®
918,113,119,Àû´ç·®
919,114,14,3°³
920,114,26,250g
921,114,119,ÅåÅå
922,114,224,2½ºÇ¬
923,114,87,4½ºÇ¬
924,114,83,Á¶±Ý
925,114,228,0.5Æ¼½ºÇ¬
926,115,151,1ºÀÁö
927,115,180,2ºÀÁö
928,115,246,2°³
929,115,56,1½ºÇ¬
930,115,170,4½ºÇ¬
931,115,196,1½ºÇ¬
932,115,124,2½ºÇ¬
933,115,277,6½ºÇ¬
934,116,139,1¸¶¸®
935,116,96,1½ºÇ¬
936,116,220,1½ºÇ¬
937,116,91,2½ºÇ¬
938,116,56,0.5Æ¼½ºÇ¬
939,116,243,1½ºÇ¬
940,116,133,1Æ¼½ºÇ¬
941,116,83,1Æ¼½ºÇ¬
942,117,131,1°³
943,117,213,1½ºÇ¬
944,117,124,1½ºÇ¬
945,117,252,1½ºÇ¬
946,117,160,1½ºÇ¬
947,117,277,1½ºÇ¬
948,118,262,9°³
949,118,91,2½ºÇ¬
950,118,170,2½ºÇ¬
951,118,56,0.5½ºÇ¬
952,118,133,0.5½ºÇ¬
953,119,25,1°ø±â
954,119,14,1°³
955,119,234,1½ºÇ¬
956,119,231,0.5°³
957,119,53,0.5°³
958,119,282,0.5Äµ
959,119,123,1ºÀ
960,119,239,ÅåÅå
961,119,43,Àû´ç·®
962,120,298,270g
963,120,307,6°³
964,120,179,
965,120,240,
966,120,292,
967,120,239,
968,120,29,
969,120,170,
970,121,143,5°³
971,121,234,2½ºÇ¬
972,121,124,Àû´ç·®
973,121,188,Àû´ç·®
974,121,119,Àû´ç·®
975,122,104,4°³
976,122,87,2
977,122,202,Àû´ç·®
978,122,56,1½ºÇ¬
979,122,214,1½ºÇ¬
980,122,213,1½ºÇ¬
981,122,96,1½ºÇ¬
982,122,133,0.5½ºÇ¬
983,122,91,2½ºÇ¬
984,122,83,1½ºÇ¬
985,123,143,3°³
986,123,231,0.5°³
987,123,224,1½ºÇ¬
988,123,115,3½ºÇ¬
989,123,124,1½ºÇ¬
990,123,91,1½ºÇ¬
991,123,189,1½ºÇ¬
992,123,133,0.5½ºÇ¬
993,123,202,Á¶±Ý
994,124,190,1ÁÜ
995,124,20,9Àå
996,125,14,3°³
997,125,190,Àû´ç·®
998,125,77,1Æ¼½ºÇ¬
999,125,188,0.5Æ¼½ºÇ¬
1000,125,277,3Æ¼½ºÇ¬
1001,125,77,0.5½ºÇ¬
1002,126,25,1°ø±â
1003,126,277,200ml
1004,126,220,1Å«¼ú
1005,126,224,0.3Å«¼ú
1006,126,96,1Å«¼ú
1007,126,236,1Å«¼ú
1008,126,271,1Å«¼ú
1009,126,14,2°³
1010,126,256,3°³
1011,126,274,Àû´ç·®
1012,126,188,Àû´ç·®
1013,126,87,Àû´ç·®
1014,127,286,1Äµ
1015,127,144,8°³
1016,127,231,0.5°³
1017,127,246,2°³
1018,128,297,1ÆÑ
1019,128,35,0.5ÁÜ
1020,128,179,Àû´ç·®
1021,128,231,Àû´ç·®
1022,128,213,2.5½ºÇ¬
1023,128,271,1.5½ºÇ¬
1024,128,124,1½ºÇ¬
1025,128,133,1½ºÇ¬
1026,128,83,1Æ¼½ºÇ¬
1027,128,202,Àû´ç·®
1028,129,311,10°³
1029,129,122,1´ë
1030,129,246,Àû´ç·®
1031,129,133,1½ºÇ¬
1032,129,213,1½ºÇ¬
1033,129,124,1½ºÇ¬
1034,129,271,2½ºÇ¬
1035,129,38,0.5½ºÇ¬
1036,129,119,ÅåÅå
1037,130,232,3Àå
1038,130,213,4½ºÇ¬
1039,130,91,2½ºÇ¬
1040,130,124,1½ºÇ¬
1041,130,119,
1042,130,133,0.5½ºÇ¬
1043,130,83,1½ºÇ¬
1044,130,285,
1045,130,231,
1046,130,37,
1047,130,122,
1048,131,195,200g
1049,131,231,0.5°³
1050,131,161,0.5°³
1051,131,122,1´ë
1052,131,246,2°³
1053,132,61,1Äµ
1054,132,143,2°³
1055,132,231,0.5°³
1056,132,122,1ÁÜ
1057,132,246,1²¿Áý
1058,132,56,1½ºÇ¬
1059,132,214,1½ºÇ¬
1060,132,213,1½ºÇ¬
1061,132,133,1½ºÇ¬
1062,132,124,1½ºÇ¬
1063,132,277,200ml
1064,132,119,ÅåÅå
1065,133,158,300g
1066,133,231,1°³
1067,133,42,0.2Åë
1068,133,14,2°³
1069,133,213,3½ºÇ¬
1070,133,38,3½ºÇ¬
1071,133,133,1½ºÇ¬
1072,133,119,Á¶±Ý
1073,133,188,Á¶±Ý
1074,134,296,1¸ð
1075,134,231,0.3°³
1076,134,122,Àû´ç·®
1077,134,87,Àû´ç·®
1078,134,25,0.5°ø±â
1079,134,133,1½ºÇ¬
1080,134,224,1½ºÇ¬
1081,134,213,1½ºÇ¬
1082,134,91,1½ºÇ¬
1083,134,119,Àû´ç·®
1084,134,83,Àû´ç·®
1085,134,312,Àû´ç·®
1086,134,277,0.7Á¾ÀÌÄÅ
1087,135,213,2Å«¼ú
1088,135,294,3Å«¼ú
1089,135,96,1Å«¼ú
1090,135,293,2ÄÅ
1091,136,44,200g
1092,136,9,5ÁÙ
1093,136,49,1°³
1094,136,179,2°³
1095,136,238,1¸¶¸®
1096,136,56,2Å«¼ú
1097,136,271,5Å«¼ú
1098,136,260,1Å«¼ú
1099,136,124,1.5Å«¼ú
1100,136,91,2Å«¼ú
1101,137,295,300g
1102,137,213,2½ºÇ¬
1103,137,124,2½ºÇ¬
1104,137,160,1½ºÇ¬
1105,137,110,1²¿Áý
1106,137,119,Àû´ç·®
1107,137,83,1Æ¼½ºÇ¬
1108,137,274,1½ºÇ¬
1109,138,158,2ÁÙ
1110,138,17,2°³
1111,138,246,2°³
1112,138,231,0.25°³
1113,138,44,2ÁÙ
1114,138,133,1½ºÇ¬
1115,138,247,0.5½ºÇ¬
1116,138,25,1°ø±â
1117,138,87,Àû´ç·®
1118,138,213,3½ºÇ¬
1119,138,271,2½ºÇ¬
1120,138,277,2½ºÇ¬
1121,138,124,1½ºÇ¬
1122,138,119,Àû´ç·®
1123,139,14,1°³
1124,139,29,1½ºÇ¬
1125,139,224,1½ºÇ¬
1126,139,83,1½ºÇ¬
1127,140,219,1ÆÑ
1128,140,23,1°³
1129,140,17,2°³
1130,140,293,1½ºÇ¬
1131,140,135,1ÄÅ
1132,140,196,2½ºÇ¬
1133,140,277,2½ºÇ¬
1134,140,124,2½ºÇ¬
1135,140,271,2½ºÇ¬
1136,141,25,2°ø±â
1137,141,296,300g
1138,141,122,1´ë
1139,141,231,0.5°³
1140,141,51,1ºÀÁö
1141,141,133,0.5½ºÇ¬
1142,141,1,Àû´ç·®
1143,141,45,2½ºÇ¬
1144,141,83,Àû´ç·®
1145,141,213,2Å«¼ú
1146,141,224,1Å«¼ú
1147,141,124,1½ºÇ¬
1148,141,277,100ml
1149,142,143,2°³
1150,142,180,10¿©°³
1151,142,246,2°³
1152,142,87,2½ºÇ¬
1153,142,271,1Æ¼½ºÇ¬
1154,142,213,2½ºÇ¬
1155,142,224,1½ºÇ¬
1156,142,277,0.5ÄÅ
1157,142,133,0.5½ºÇ¬
1158,142,96,2½ºÇ¬
1159,142,16,0.5½ºÇ¬
1160,142,91,1.5½ºÇ¬
1161,142,83,Àû´ç·®
1162,142,119,Àû´ç·®
1163,142,199,Àû´ç·®
1164,143,296,1¸ð
1165,143,231,0.3°³
1166,143,122,Àû´ç·®
1167,143,87,Àû´ç·®
1168,143,25,0.5°ø±â
1169,143,133,1½ºÇ¬
1170,143,224,1½ºÇ¬
1171,143,213,1½ºÇ¬
1172,143,91,1½ºÇ¬
1173,143,119,Àû´ç·®
1174,143,83,Àû´ç·®
1175,143,312,Àû´ç·®
1176,143,277,0.7Á¾ÀÌÄÅ
1177,144,19,1ÁÜ
1178,144,231,0.5°³
1179,144,213,2Å«¼ú
1180,144,100,1Å«¼ú
1181,144,91,2Å«¼ú
1182,144,96,1Å«¼ú
1183,144,277,2Å«¼ú
1184,144,214,1Å«¼ú
1185,144,133,0.5Å«¼ú
1186,144,83,0.5Å«¼ú
1187,144,202,Àû´ç·®
1188,144,274,Àû´ç·®
1189,145,232,500g
1190,145,122,1´ë
1191,145,246,2°³
1192,145,96,2Å«¼ú
1193,145,119,Àû´ç·®
1194,145,124,2Å«¼ú
1195,146,25,1°ø±â
1196,146,14,2°³
1197,146,61,2½ºÇ¬
1198,146,122,Àû´ç·®
1199,146,213,1.5½ºÇ¬
1200,146,83,1½ºÇ¬
1201,146,285,1½ºÇ¬
1202,147,295,1¸ð
1203,147,208,Àû´ç·®
1204,147,277,300ml
1205,147,271,4½ºÇ¬
1206,147,213,3½ºÇ¬
1207,147,124,5½ºÇ¬
1208,147,224,1½ºÇ¬
1209,148,216,150g
1210,148,4,100g
1211,148,87,1½ºÇ¬
1212,148,83,1½ºÇ¬
1213,148,277,4½ºÇ¬
1214,148,213,1.5½ºÇ¬
1215,148,160,1.5½ºÇ¬
1216,148,124,2Æ¼½ºÇ¬
1217,149,112,1ÀÎºÐ
1218,149,231,0.5°³
1219,149,20,70g
1220,149,293,2ÂÊ
1221,149,246,3°³
1222,149,243,Á¶±Ý
1223,149,213,2½ºÇ¬
1224,149,83,1½ºÇ¬
1225,149,124,1½ºÇ¬
1226,150,8,1Àå
1227,150,231,0.25°³
1228,150,284,2Àå
1229,150,240,2½ºÇ¬
1230,150,292,Àû´ç·®
1231,150,239,ÅåÅå
1232,150,43,Àû´ç·®
1233,151,25,1°ø±â
1234,151,42,1Àå
1235,151,125,1Àå
1236,151,282,45g
1237,151,231,0.25°³
1238,151,133,0.5½ºÇ¬
1239,151,87,1½ºÇ¬
1240,151,196,1½ºÇ¬
1241,151,224,1½ºÇ¬
1242,151,124,0.3½ºÇ¬
1243,151,1,Á¶±Ý
1244,152,70,40Àå
1245,152,231,0.25°³
1246,152,122,2½ºÇ¬
1247,152,220,3½ºÇ¬
1248,152,214,1½ºÇ¬
1249,152,293,1½ºÇ¬
1250,152,39,1½ºÇ¬
1251,152,124,1½ºÇ¬
1252,152,277,2½ºÇ¬
1253,152,83,1½ºÇ¬
1254,153,151,300g
1255,153,75,300g
1256,153,4,50g
1257,153,166,5g
1258,153,122,40g
1259,153,277,300cc
1260,153,213,120cc
1261,153,160,120cc
1262,153,124,7½ºÇ¬
1263,154,14,8°³
1264,154,189,2½ºÇ¬
1265,154,179,2½ºÇ¬
1266,154,145,1½ºÇ¬
1267,154,274,2½ºÇ¬
1268,154,258,1½ºÇ¬
1269,154,134,0.5Æ¼½ºÇ¬
1270,154,124,1Æ¼½ºÇ¬
1271,155,109,7°³
1272,155,182,0.5¼ù°¥
1273,155,83,0.5¼ù°¥
1274,155,133,0.5¼ù°¥
1275,155,285,0.5¼ù°¥
1276,155,188,2²¿Áý
1277,156,211,400g
1278,156,4,0.5°³
1279,156,137,1°³
1280,156,236,2½ºÇ¬
1281,156,188,0.5½ºÇ¬
1282,156,119,Á¶±Ý
1283,157,178,250g
1284,157,25,210g
1285,157,123,¾ç²¯
1286,157,231,0.5°³
1287,157,79,1´ë
1288,157,213,2.5½ºÇ¬
1289,157,91,1½ºÇ¬
1290,157,96,1½ºÇ¬
1291,157,83,0.5½ºÇ¬
1292,157,170,0.5½ºÇ¬
1293,157,56,1½ºÇ¬
1294,157,133,0.5½ºÇ¬
1295,157,119,Á¶±Ý
1296,158,18,600g
1297,158,231,1°³
1298,158,65,50g
1299,158,83,2ÀÛÀº¼ú
1300,158,188,0.5ÀÛÀº¼ú
1301,158,277,1ÄÅ
1302,158,213,3Å«¼ú
1303,158,124,1Å«¼ú
1304,158,294,2Å«¼ú
1305,158,83,1ÀÛÀº¼ú
1306,159,25,1°ø±â
1307,159,14,2°³
1308,159,61,2½ºÇ¬
1309,159,122,Àû´ç·®
1310,159,213,1.5½ºÇ¬
1311,159,83,1½ºÇ¬
1312,159,285,1½ºÇ¬
1313,160,225,300g
1314,160,231,1°³
1315,160,70,10Àå
1316,160,213,2½ºÇ¬
1317,160,96,2½ºÇ¬
1318,160,133,1½ºÇ¬
1319,160,1,Á¶±Ý
1320,160,124,1½ºÇ¬
1321,160,83,Á¶±Ý
1322,161,14,6°³
1323,161,59,6Àå
1324,161,218,1Àå
1325,161,276,0.5ÁÜ
1326,161,194,3°³
1327,161,188,0.5½ºÇ¬
1328,161,271,1½ºÇ¬
1329,161,203,
1330,162,49,2°³
1331,162,256,6°³
1332,162,188,1Å«¼ú
1333,162,271,4Å«¼ú
1334,162,96,1Å«¼ú
1335,162,124,3Å«¼ú
1336,162,196,0.5Å«¼ú
1337,162,133,1Å«¼ú
1338,162,188,0.3Å«¼ú
1339,163,225,3µ¢ÀÌ
1340,163,150,2½ºÇ¬
1341,163,14,2°³
1342,163,283,1Á¾ÀÌÄÅ
1343,163,291,1Á¾ÀÌÄÅ
1344,163,97,1°³
1345,163,122,1´ë
1346,163,117,1ÆÑ
1347,163,213,5½ºÇ¬
1348,163,271,5½ºÇ¬
1349,163,124,5½ºÇ¬
1350,163,133,1½ºÇ¬
1351,163,258,1°³
1352,163,23,1°³
1353,163,17,1°³
1354,164,18,600g
1355,164,231,1°³
1356,164,65,50g
1357,164,83,2ÀÛÀº¼ú
1358,164,188,0.5ÀÛÀº¼ú
1359,164,277,1ÄÅ
1360,164,213,3Å«¼ú
1361,164,124,1Å«¼ú
1362,164,294,2Å«¼ú
1363,164,83,1ÀÛÀº¼ú
1364,165,296,180g
1365,165,77,2½ºÇ¬
1366,165,133,1Æ¼½ºÇ¬
1367,165,213,1½ºÇ¬
1368,165,78,2½ºÇ¬
1369,165,86,1½ºÇ¬
1370,166,305,100g
1371,166,27,100g
1372,166,154,3½ºÇ¬
1373,166,188,1²¿Áý
1374,166,236,3½ºÇ¬
1375,166,213,2½ºÇ¬
1376,166,271,2½ºÇ¬
1377,166,124,2½ºÇ¬
1378,166,277,2½ºÇ¬
1379,166,87,4½ºÇ¬
1380,166,231,0.25°³
1381,166,4,0.25°³
1382,167,297,1ÆÑ
1383,167,46,Àû´ç·®
1384,167,196,2Å«¼ú
1385,167,243,2Å«¼ú
1386,167,271,2Å«¼ú
1387,167,124,1Å«¼ú
1388,167,260,1Å«¼ú
1389,167,83,1Å«¼ú
1390,167,133,0.5Å«¼ú
1391,167,199,Àû´ç·®
1392,168,225,300g
1393,168,231,70g
1394,168,179,100g
1395,168,6,
1396,169,240,300g
1397,169,50,8°³
1398,169,292,1Á¾ÀÌÄÅ
1399,169,280,3½ºÇ¬
1400,169,29,3½ºÇ¬
1401,169,119,Àû´ç·®
1402,170,60,250g
1403,170,26,0.5ºÀÁö
1404,170,65,1ÁÜ
1405,170,231,0.5°³
1406,170,214,3½ºÇ¬
1407,170,196,3½ºÇ¬
1408,170,91,3½ºÇ¬
1409,170,224,3½ºÇ¬
1410,170,96,3½ºÇ¬
1411,170,133,0.5½ºÇ¬
1412,171,215,1°³
1413,171,42,0.25
1414,171,4,1°³
1415,171,49,1°³
1416,171,229,3½ºÇ¬
1417,172,28,200g
1418,172,44,Á¶±Ý
1419,172,231,0.5°³
1420,172,14,1°³
1421,172,25,1ÀÎºÐ
1422,172,277,9½ºÇ¬
1423,172,124,1.5½ºÇ¬
1424,172,213,3½ºÇ¬
1425,173,296,0.5¸ð
1426,173,66,0.5ÄÅ
1427,173,170,3Å«¼ú
1428,173,124,1Å«¼ú
1429,173,91,2Å«¼ú
1430,173,213,2Å«¼ú
1431,173,133,1Å«¼ú
1432,174,150,200g
1433,174,124,27g
1434,174,188,2g
1435,174,2,80g
1436,174,222,110ml
1437,174,30,6g
1438,174,58,
1439,175,121,5g
1440,175,49,0.5°³
1441,175,231,0.5°³
1442,175,202,Á¶±Ý
1443,175,213,5½ºÇ¬
1444,175,277,5½ºÇ¬
1445,175,271,3½ºÇ¬
1446,175,124,1½ºÇ¬
1447,175,300,Àû´ç·®
1448,176,37,1°³
1449,176,293,10ÂÊ
1450,176,188,0.5½ºÇ¬
1451,176,243,2½ºÇ¬
1452,176,1,Àû´ç·®
1453,177,61,2Äµ
1454,177,231,0.25°³
1455,177,4,Á¶±Ý
1456,177,122,1´ë
1457,177,14,1°³
1458,177,133,1ÀÛÀº¼ú
1459,177,119,Á¶±Ý
1460,177,188,1ÀÛÀº¼ú
1461,178,231,0.5°³
1462,178,4,Á¶±Ý
1463,178,242,Á¶±Ý
1464,178,246,1°³
1465,178,282,Á¶±Ý
1466,178,14,1°³
1467,178,224,1½ºÇ¬
1468,178,140,1½ºÇ¬
1469,179,296,0.5¸ð
1470,179,122,0.5´ë
1471,179,202,Àû´ç·®
1472,179,77,1.5Å«¼ú
1473,179,56,4Å«¼ú
1474,179,133,1Å«¼ú
1475,179,91,2Å«¼ú
1476,179,160,1Å«¼ú
1477,179,1,Àû´ç·®
1478,180,42,6Àå
1479,180,61,1Äµ
1480,180,231,0.25°³
1481,180,161,0.25°³
1482,180,138,Á¶±Ý
1483,180,44,Á¶±Ý
1484,180,182,1Æ¼½ºÇ¬
1485,180,56,1Æ¼½ºÇ¬
1486,180,133,1Æ¼½ºÇ¬
1487,180,277,0.5ÄÅ
1488,181,311,8°³
1489,181,107,Àû´ç·®
1490,181,108,Àû´ç·®
1491,181,56,1¼ù°¥
1492,181,170,3¼ù°¥
1493,181,91,1¼ù°¥
1494,181,124,0.5¼ù°¥
1495,181,96,1¼ù°¥
1496,181,133,1¼ù°¥
1497,182,186,2ÁÖ¸Ô
1498,182,119,Àû´ç·®
1499,182,239,Àû´ç·®
1500,182,234,3½ºÇ¬
1501,182,124,1Æ¼½ºÇ¬
1502,183,237,9°³
1503,183,183,Àû´ç·®
1504,183,188,0.5½ºÇ¬
1505,183,1,ÅåÅå
1506,183,96,3½ºÇ¬
1507,184,32,5Àå
1508,184,187,200g
1509,184,133,0.5½ºÇ¬
1510,184,79,Á¶±Ý
1511,184,85,1½ºÇ¬
1512,184,96,1½ºÇ¬
1513,184,201,3ÄÅ
1514,184,182,2½ºÇ¬
1515,185,225,100g
1516,185,42,150g
1517,185,122,0.5°³
1518,185,243,1½ºÇ¬
1519,185,118,1½ºÇ¬
1520,185,224,1½ºÇ¬
1521,185,119,Á¶±Ý
1522,186,104,2°³
1523,186,87,Àû´ç·®
1524,186,234,10g
1525,186,196,1.5Å«¼ú
1526,186,96,1.5Å«¼ú
1527,187,238,1¸¶¸®
1528,187,44,0.5ÁÜ
1529,187,188,1ÀÛÀº¼ú
1530,187,179,0.5°³
1531,187,275,
1532,188,40,0.5ÄÅ
1533,188,56,1¼ù°¥
1534,188,277,2¼ù°¥
1535,188,196,1Æ¼½ºÇ¬
1536,188,124,1¼ù°¥
1537,188,87,1¼ù°¥
1538,188,246,2°³
1539,188,202,Á¶±Ý
1540,189,28,1°³
1541,189,190,
1542,189,213,4½ºÇ¬
1543,189,214,2½ºÇ¬
1544,189,124,1.5½ºÇ¬
1545,189,224,1½ºÇ¬
1546,189,133,1½ºÇ¬
1547,189,246,1°³
1548,189,83,
1549,189,285,
1550,190,232,400g
1551,190,14,1°³
1552,190,234,2½ºÇ¬
1553,190,116,3½ºÇ¬
1554,190,96,2½ºÇ¬
1555,190,124,2½ºÇ¬
1556,190,224,2½ºÇ¬
1557,190,277,100g
1558,191,143,3°³
1559,191,231,0.5°³
1560,191,180,10°³
1561,191,91,4½ºÇ¬
1562,191,277,8½ºÇ¬
1563,191,96,1½ºÇ¬
1564,191,196,3½ºÇ¬
1565,191,184,1½ºÇ¬
1566,191,202,Àû´ç·®
1567,192,113,1ºÀÁö
1568,192,214,1Å«¼ú
1569,192,133,0.5Å«¼ú
1570,192,56,2Å«¼ú
1571,192,196,2Å«¼ú
1572,192,100,2Å«¼ú
1573,192,91,0.5Å«¼ú
1574,192,124,0.5Å«¼ú
1575,192,83,1Å«¼ú
1576,192,202,0.5Å«¼ú
1577,193,88,80g
1578,193,14,1°³
1579,193,4,0.5°³
1580,193,70,5Àå
1581,193,214,2½ºÇ¬
1582,193,124,1½ºÇ¬
1583,193,285,1½ºÇ¬
1584,193,213,4½ºÇ¬
1585,193,271,1.5½ºÇ¬
1586,193,91,2½ºÇ¬
1587,193,133,0.5½ºÇ¬
1588,193,83,2½ºÇ¬
1589,193,274,2½ºÇ¬
1590,194,212,12¸¶¸®
1591,194,37,1°ø±â
1592,194,188,1ÀÛÀº¼ú
1593,194,87,1ÀÛÀº¼ú
1594,194,133,1ÀÛÀº¼ú
1595,194,29,1Å«¼ú
1596,194,224,0.5Å«¼ú
1597,194,96,1Å«¼ú
1598,194,119,Àû´ç·®
1599,195,122,0.5´Ü
1600,195,231,0.5°³
1601,195,161,0.5°³
1602,195,162,3°³
1603,195,24,
1604,195,181,3°³
1605,195,212,Àû´ç·®
1606,195,234,1Á¶°¢
1607,195,213,1Å«¼ú
1608,195,224,1Å«¼ú
1609,195,91,1Å«¼ú
1610,196,9,6ÁÙ
1611,196,14,2°³
1612,196,4,
1613,196,231,
1614,196,122,
1615,196,188,1²¿Áý
1616,196,243,
1617,196,170,
1618,197,150,180g
1619,197,30,6g
1620,197,124,15g
1621,197,188,2g
1622,197,234,70g
1623,197,222,100g
1624,198,57,70g
1625,198,313,1°³
1626,198,124,40g
1627,198,150,1Å«¼ú
1628,199,14,3°³
1629,199,297,2°³
1630,199,287,1Àå
1631,199,188,0.5½ºÇ¬
1632,199,77,Àû´ç·®
1633,199,119,»ìÂ¦
1634,200,238,2¸¶¸®
1635,200,179,1°³
1636,200,49,0.5°³
1637,200,70,2Àå
1638,200,188,Àû´ç·®
1639,200,56,2½ºÇ¬
1640,200,78,2½ºÇ¬
1641,200,271,1½ºÇ¬
1642,200,91,0.5½ºÇ¬
1643,200,202,Àû´ç·®
1644,201,14,2°³
1645,201,179,2°³
1646,201,161,1½ºÇ¬
1647,201,145,1½ºÇ¬
1648,201,122,1½ºÇ¬
1649,201,188,Àû´ç·®
1650,202,112,100g
1651,202,246,2°³
1652,202,293,30g
1653,202,234,30g
1654,202,212,6¸¶¸®
1655,202,261,¾à°£
1656,202,243,3½ºÇ¬
1657,202,188,¾à°£
1658,202,224,1.5½ºÇ¬
1659,203,88,120g
1660,203,181,4°³
1661,203,246,1°³
1662,203,122,15cm
1663,203,133,1½ºÇ¬
1664,203,87,4½ºÇ¬
1665,203,213,3½ºÇ¬
1666,203,224,2½ºÇ¬
1667,203,78,2½ºÇ¬
1668,203,119,Àû´ç·®
1669,203,96,1½ºÇ¬
1670,203,83,2½ºÇ¬
1671,204,75,500g
1672,204,271,2¼ù°¥
1673,204,277,250ml
1674,204,213,5¼ù°¥
1675,204,91,2¼ù°¥
1676,204,133,1¼ù°¥
1677,205,8,1Àå
1678,205,240,2½ºÇ¬
1679,205,124,0.5½ºÇ¬
1680,205,29,
1681,205,239,
1682,206,120,30¸¶¸®
1683,206,234,3Å«¼ú
1684,206,133,1.5Å«¼ú
1685,206,239,1Å«¼ú
1686,206,294,1Å«¼ú
1687,206,188,Àû´ç·®
1688,207,98,2°³
1689,207,20,1ÆÑ
1690,207,119,Àû´ç·®
1691,207,188,Àû´ç·®
1692,207,83,1Æ¼½ºÇ¬
1693,207,285,1Æ¼½ºÇ¬
1694,207,218,8Àå
1695,208,225,1Äµ
1696,208,190,10»Ñ¸®
1697,208,179,0.25°³
1698,208,49,0.5°³
1699,208,231,0.5°³
1700,208,4,0.2°³
1701,208,133,1Å«¼ú
1702,208,124,2Å«¼ú
1703,208,78,3Å«¼ú
1704,208,213,1Å«¼ú
1705,208,271,3Å«¼ú
1706,208,95,1Å«¼ú
1707,208,67,0.5°³
1708,209,99,70g
1709,209,56,2½ºÇ¬
1710,209,214,1½ºÇ¬
1711,209,124,0.5½ºÇ¬
1712,209,133,1½ºÇ¬
1713,209,100,1½ºÇ¬
1714,209,205,3½ºÇ¬
1715,209,213,0.5½ºÇ¬
1716,209,91,1½ºÇ¬
1717,209,29,1½ºÇ¬
1718,209,285,1½ºÇ¬
1719,210,296,1¸ð
1720,210,14,1°³
1721,210,222,5½ºÇ¬
1722,210,190,Á¶±Ý
1723,210,84,1.5½ºÇ¬
1724,210,188,Á¶±Ý
1725,211,225,300g
1726,211,171,4°³
1727,211,122,1°³
1728,211,213,3½ºÇ¬
1729,211,133,1½ºÇ¬
1730,211,119,Àû´ç·®
1731,211,124,0.5½ºÇ¬
1732,211,91,1½ºÇ¬
1733,211,160,2½ºÇ¬
1734,211,83,Àû´ç·®
1735,211,114,Àû´ç·®
1736,212,273,3µ¢¾î¸®
1737,212,182,1Å«¼ú
1738,212,56,0.5Å«¼ú
1739,212,83,0.5Å«¼ú
1740,212,133,0.5Å«¼ú
1741,212,199,0.5Å«¼ú
1742,212,202,0.5Å«¼ú
1743,212,124,0.5ÀÛÀº¼ú
1744,212,79,1.5Å«¼ú
1745,213,49,1°³
1746,213,25,1°ø±â
1747,213,61,1Äµ
1748,213,231,0.25°³
1749,213,29,4½ºÇ¬
1750,213,124,1½ºÇ¬
1751,213,188,1²¿Áý
1752,213,285,Á¶±Ý
1753,214,162,8°³
1754,214,182,1Å«¼ú
1755,214,56,0.3Å«¼ú
1756,214,133,0.5Å«¼ú
1757,214,91,0.5Å«¼ú
1758,214,78,1Å«¼ú
1759,214,83,0.5Å«¼ú
1760,214,199,Àû´ç·®
1761,215,302,0.5ÁÜ
1762,215,17,0.5°³
1763,215,193,Àû´ç·®
1764,215,213,10½ºÇ¬
1765,215,83,1½ºÇ¬
1766,215,285,1½ºÇ¬
1767,215,78,3½ºÇ¬
1768,215,293,0.5½ºÇ¬
1769,215,214,1½ºÇ¬
1770,216,225,100g
1771,216,179,0.5°³
1772,216,49,1°³
1773,216,62,1Å«¼ú
1774,216,235,2Å«¼ú
1775,216,231,0.5°³
1776,216,124,2Å«¼ú
1777,216,271,5Å«¼ú
1778,216,213,1Å«¼ú
1779,216,95,1Å«¼ú
1780,216,133,1Å«¼ú
1781,217,8,6Àå
1782,217,218,4Àå
1783,217,59,4Àå
1784,217,14,2°³
1785,217,130,
1786,217,58,
1787,218,295,1¸ð
1788,218,231,
1789,218,4,
1790,218,15,
1791,218,57,
1792,218,170,3½ºÇ¬
1793,218,56,1½ºÇ¬
1794,218,213,1½ºÇ¬
1795,218,133,1½ºÇ¬
1796,218,91,2½ºÇ¬
1797,218,124,0.5½ºÇ¬
1798,219,63,10Á¶°¢
1799,219,143,2°³
1800,219,122,1´ë
1801,219,222,Àû´ç·®
1802,219,88,1ÁÜ
1803,219,213,1¼ÒÁÖÀÜ
1804,219,124,0.5¼ÒÁÖÀÜ
1805,219,80,1¼ÒÁÖÀÜ
1806,219,96,0.5¼ÒÁÖÀÜ
1807,219,133,1Å«¼ú
1808,219,83,0.5Å«¼ú
1809,219,202,Àû´ç·®
1810,220,8,4Àå
1811,220,240,1Á¾ÀÌÄÅ
1812,220,231,0.25°³
1813,220,53,0.25°³
1814,220,179,0.25°³
1815,220,123,2Á¾ÀÌÄÅ
1816,220,29,4½ºÇ¬
1817,220,124,1½ºÇ¬
1818,220,188,Àû´ç·®
1819,220,119,Àû´ç·®
1820,220,239,Àû´ç·®
1821,221,82,1.5ÁÜ
1822,221,144,8°³
1823,221,20,3ÁÙ
1824,221,188,Àû´ç·®
1825,221,8,
1826,221,14,
1827,222,223,15ÂÊ
1828,222,231,0.5°³
1829,222,122,20cm
1830,222,104,2°³
1831,222,264,10°³
1832,222,246,3°³
1833,222,292,¿øÇÏ´Â¸¸Å­
1834,222,96,0.5ÄÅ
1835,223,237,350g
1836,223,293,10ÂÊ
1837,223,188,1Æ¼½ºÇ¬
1838,223,1,Àû´ç·®
1839,223,243,2½ºÇ¬
1840,223,124,2½ºÇ¬
1841,223,213,1½ºÇ¬
1842,223,277,3½ºÇ¬
1843,223,271,1.5½ºÇ¬
1844,223,91,75g
1845,223,188,0.5Æ¼½ºÇ¬
1846,224,181,4°³
1847,224,231,0.5°³
1848,224,4,0.2°³
1849,224,267,100g
1850,224,236,1½ºÇ¬
1851,224,277,50ml
1852,224,213,1½ºÇ¬
1853,224,133,0.5½ºÇ¬
1854,224,96,1½ºÇ¬
1855,225,225,1ÆÑ
1856,225,4,0.3µîºÐ
1857,225,37,1ÁÜ
1858,225,14,2°³
1859,225,188,1²¿Áý
1860,225,243,1Å«¼ú
1861,226,122,2´ë
1862,226,271,2Å«¼ú
1863,226,213,1Å«¼ú
1864,226,214,3Å«¼ú
1865,226,124,2Å«¼ú
1866,226,285,1Å«¼ú
1867,226,83,2Å«¼ú
1868,227,197,0.5ÂÊ
1869,227,122,Àû´ç·®
1870,227,77,3½ºÇ¬
1871,227,134,1Æ¼½ºÇ¬
1872,227,293,1½ºÇ¬
1873,227,285,1½ºÇ¬
1874,228,306,20Àå
1875,228,277,200ml
1876,228,213,10½ºÇ¬
1877,228,91,5½ºÇ¬
1878,228,133,1½ºÇ¬
1879,228,83,5½ºÇ¬
1880,229,279,3°³
1881,229,296,0.5¸ð
1882,229,122,Àû´ç·®
1883,229,17,Àû´ç·®
1884,229,246,Àû´ç·®
1885,229,231,0.5°³
1886,229,242,0.25°³
1887,229,22,650ml
1888,229,188,Àû´ç·®
1889,229,146,1Å«¼ú
1890,230,219,1ÆÑ
1891,230,34,2ÁÜ
1892,230,87,2
1893,230,133,1
1894,230,214,3
1895,230,85,3
1896,230,22,6
1897,230,188,
1898,230,1,
1899,231,37,1¼ÛÀÌ
1900,231,76,150g
1901,231,213,0.7½ºÇ¬
1902,231,91,0.5½ºÇ¬
1903,231,285,2½ºÇ¬
1904,231,29,3¹ä½ºÇ¬
1905,231,78,1½ºÇ¬
1906,231,188,2²¿Áý
1907,231,119,Àû´ç·®
1908,232,143,4°³
1909,232,94,4½ºÇ¬
1910,232,287,
1911,232,188,0.3½ºÇ¬
1912,232,119,ÅåÅå
1913,232,261,Àû´ç·®
1914,233,191,400g
1915,233,21,300g
1916,233,133,1½ºÇ¬
1917,233,83,2½ºÇ¬
1918,233,213,2½ºÇ¬
1919,233,89,1.5½ºÇ¬
1920,233,271,2½ºÇ¬
1921,233,214,1½ºÇ¬
1922,233,124,1½ºÇ¬
1923,233,285,Àû´ç·®
1924,234,222,240ml
1925,234,250,3¾Ë
1926,234,124,60g
1927,234,149,1Å«¼ú
1928,234,188,1²¿Áý
1929,235,296,1¸ð
1930,235,66,0.5Á¾ÀÌÄÅ
1931,235,196,5½ºÇ¬
1932,235,133,1½ºÇ¬
1933,235,91,2½ºÇ¬
1934,235,277,1¼ÒÁÖÄÅ
1935,236,177,1Äµ
1936,236,197,0.25Åä¸·
1937,236,246,1°³
1938,236,17,1°³
1939,236,122,0.5´ë
1940,236,214,2½ºÇ¬
1941,236,196,3½ºÇ¬
1942,236,96,2½ºÇ¬
1943,236,124,0.5½ºÇ¬
1944,236,133,1½ºÇ¬
1945,236,247,1Æ¼½ºÇ¬
1946,236,119,ÅåÅå
1947,236,132,0.5Åë
1948,236,201,2Á¾ÀÌÄÅ
1949,237,156,150g
1950,237,188,1g
1951,237,124,15g
1952,237,189,40g
1953,237,254,100g
1954,237,124,Àû´ç·®
1955,238,311,13°³
1956,238,213,2½ºÇ¬
1957,238,91,1½ºÇ¬
1958,238,124,1½ºÇ¬
1959,238,271,1½ºÇ¬
1960,238,133,1½ºÇ¬
1961,238,122,0.3°³
1962,238,17,0.5°³
1963,238,1,Àû´ç·®
1964,239,296,0.5¸ð
1965,239,256,1ºÀÁö
1966,239,14,5°³
1967,239,4,Á¶±Ý
1968,239,70,1Àå
1969,239,188,1½ºÇ¬
1970,239,87,2½ºÇ¬
1971,239,1,Á¶±Ý
1972,239,83,Á¶±Ý
1973,240,230,400g
1974,240,124,100g
1975,240,3,200ml
1976,240,156,20g
1977,240,14,3°³
1978,241,215,1Äµ
1979,241,231,1°³
1980,241,42,1ÁÜ
1981,241,56,2½ºÇ¬
1982,241,214,3½ºÇ¬
1983,241,213,1½ºÇ¬
1984,241,124,2½ºÇ¬
1985,241,133,1½ºÇ¬
1986,242,309,1Åë
1987,242,179,1.5°³
1988,242,31,2°³
1989,242,246,1°³
1990,242,196,3½ºÇ¬
1991,242,224,1.5½ºÇ¬
1992,242,124,1½ºÇ¬
1993,242,271,6½ºÇ¬
1994,242,188,0.5½ºÇ¬
1995,242,1,Àû´ç·®
1996,242,277,0.5ÄÅ
1997,243,219,200g
1998,243,181,4°³
1999,243,44,2´ë
2000,243,86,2Æ¼½ºÇ¬
2001,243,89,1Æ¼½ºÇ¬
2002,243,16,0.5Æ¼½ºÇ¬
2003,243,77,2Æ¼½ºÇ¬
2004,244,296,0.25¸ð
2005,244,109,3°³
2006,244,133,0.5Å«¼ú
2007,244,196,2Å«¼ú
2008,244,224,0.5Å«¼ú
2009,244,124,0.5Å«¼ú
2010,244,133,1ÀÛÀº¼ú
2011,245,296,1¸ð
2012,245,133,1Æ¼½ºÇ¬
2013,245,277,3Æ¼½ºÇ¬
2014,245,56,1Æ¼½ºÇ¬
2015,245,213,1Æ¼½ºÇ¬
2016,245,224,0.5Æ¼½ºÇ¬
2017,245,91,2Æ¼½ºÇ¬
2018,245,83,1Æ¼½ºÇ¬
2019,245,285,1Æ¼½ºÇ¬
2020,246,234,70g
2021,246,230,40g
2022,246,124,90g
2023,246,14,2°³
2024,246,185,30g
2025,246,156,80g
2026,246,165,25g
2027,246,222,40g
2028,246,30,2g
2029,246,175,1Æ¼½ºÇ¬
2030,246,230,100g
2031,246,127,35g
2032,247,267,200g
2033,247,133,0.5Æ¼½ºÇ¬
2034,247,196,3Æ¼½ºÇ¬
2035,247,96,3Æ¼½ºÇ¬
2036,247,124,1.5Æ¼½ºÇ¬
2037,247,119,ÅåÅå
2038,247,83,1Æ¼½ºÇ¬
2039,247,202,Àû´ç·®
2040,248,128,1¸¶¸®
2041,248,304,Àû´ç·®
2042,248,293,Àû´ç·®
2043,248,259,Àû´ç·®
2044,248,277,100ml
2045,248,213,4Å«¼ú
2046,248,124,4Å«¼ú
2047,248,96,4Å«¼ú
2048,248,38,1Å«¼ú
2049,249,14,2°³
2050,249,49,Á¶±Ý
2051,249,4,Á¶±Ý
2052,249,275,Á¶±Ý
2053,249,202,Á¶±Ý
2054,250,144,8°³
2055,250,212,7¸¶¸®
2056,250,243,
2057,250,188,
2058,250,119,
2059,251,227,
2060,251,234,
2061,251,14,
2062,251,231,
2063,251,218,
2064,251,124,
2065,252,179,2°³
2066,252,28,0.5Äµ
2067,252,231,0.5°³
2068,252,161,0.3°³
2069,252,123,Àû´ç·®
2070,252,239,Àû´ç·®
2071,252,43,Àû´ç·®
2072,253,51,1ºÀÁö
2073,253,44,Àû´ç·®
2074,253,246,1°³
2075,253,133,Àû´ç·®
2076,253,87,Àû´ç·®
2077,253,56,1½ºÇ¬
2078,253,214,0.5½ºÇ¬
2079,253,124,1½ºÇ¬
2080,253,160,2Å«¼ú
2081,253,213,1½ºÇ¬
2082,253,91,1½ºÇ¬
2083,253,277,2½ºÇ¬
2084,254,104,3°³
2085,254,304,4°³
2086,254,234,2½ºÇ¬
2087,254,202,Àû´ç·®
2088,254,213,2½ºÇ¬
2089,254,96,1½ºÇ¬
2090,254,91,1.5½ºÇ¬
2091,254,119,Àû´ç·®
2092,255,120,1Á¾ÀÌÄÅ
2093,255,87,3½ºÇ¬
2094,255,133,1½ºÇ¬
2095,255,234,1½ºÇ¬
2096,255,119,ÅåÅå
2097,255,170,2½ºÇ¬
2098,255,214,1½ºÇ¬
2099,255,124,1½ºÇ¬
2100,255,213,1½ºÇ¬
2101,255,271,1½ºÇ¬
2102,256,4,3°³
2103,256,231,2°³
2104,256,234,40g
2105,256,188,1ÀÛÀº¼ú
2106,256,277,50g
2107,256,25,0.5°ø±â
2108,256,3,0.5ÄÅ
2109,256,188,2²¿Áý
2110,256,119,Àû´ç·®
2111,257,231,0.3°³
2112,257,179,0.5°³
2113,257,180,2ÄÅ
2114,257,277,3ÄÅ
2115,257,213,2
2116,257,91,2
2117,257,124,1
2118,257,1,Àû´ç·®
2119,258,8,2Àå
2120,258,20,2ÁÙ
2121,258,14,2°³
2122,258,218,2Àå
2123,258,239,Àû´ç·®
2124,258,58,Àû´ç·®
2125,259,61,1Äµ
2126,259,231,0.25°³
2127,259,196,2½ºÇ¬
2128,259,160,2½ºÇ¬
2129,259,83,0.5½ºÇ¬
2130,259,119,Àû´ç·®
2131,260,150,2ÄÅ
2132,260,277,0.6ÄÅ
2133,260,188,0.3Æ¼½ºÇ¬
2134,260,87,1Å«¼ú
2135,260,22,900ml
2136,260,161,0.25°³
2137,260,143,1°³
2138,260,231,0.25°³
2139,260,122,0.3´ë
2140,261,37,
2141,261,179,Àû´ç·®
2142,261,136,Àû´ç·®
2143,261,133,1Æ¼½ºÇ¬
2144,261,96,1Æ¼½ºÇ¬
2145,261,224,1Æ¼½ºÇ¬
2146,261,119,
2147,261,83,
2148,261,188,¾à°£¾¿
2149,262,277,500ml
2150,262,297,1ÆÑ
2151,262,14,2°³
2152,262,231,0.25°³
2153,262,263,1Æ¼½ºÇ¬
2154,262,188,Àû´ç·®
2155,262,122,Àû´ç·®
2156,262,92,1Àå
2157,262,159,9¸¶¸®
2158,263,28,1Äµ
2159,263,14,1°³
2160,263,70,Àû´ç·®
2161,263,150,Àû´ç·®
2162,264,74,3µ¢ÀÌ
2163,264,188,1²¿Áý
2164,264,119,1²¿Áý
2165,264,243,2½ºÇ¬
2166,264,277,5½ºÇ¬
2167,264,213,5½ºÇ¬
2168,264,294,3½ºÇ¬
2169,264,149,2½ºÇ¬
2170,265,234,100g
2171,265,14,2°³
2172,265,124,100g
2173,265,188,2²¿Áý
2174,265,156,180g
2175,265,241,50g
2176,265,30,4g
2177,265,127,
2178,266,171,1°³
2179,266,292,1ÄÅ
2180,266,277,50ml
2181,266,124,1½ºÇ¬
2182,266,188,0.3½ºÇ¬
2183,266,278,1½ºÇ¬
2184,267,296,0.3°³
2185,267,14,1°³
2186,267,25,3Æ¼½ºÇ¬
2187,268,26,1ÁÜ
2188,268,49,1°³
2189,268,9,2µ¢¾î¸®
2190,268,120,20¸¶¸®
2191,268,1,Àû´ç·®
2192,268,95,2Å«¼ú
2193,268,124,1Å«¼ú
2194,268,188,1²¿Áý
2195,268,133,1Æ¼½ºÇ¬
2196,268,91,1Å«¼ú
2197,268,244,1Å«¼ú
2198,269,25,1°ø±â
2199,269,20,3ÁÙ
2200,269,231,1°³
2201,269,44,4´ë
2202,269,14,1°³
2203,269,87,1Å«¼ú
2204,269,77,1Å«¼ú
2205,269,199,Àû´ç·®
2206,269,213,2Å«¼ú
2207,269,91,2Å«¼ú
2208,269,96,1Å«¼ú
2209,269,224,1ÀÛÀº¼ú
2210,269,277,1Å«¼ú
2211,270,26,250g
2212,270,282,1ÁÖ¸Ô
2213,270,274,1ÁÖ¸Ô
2214,270,246,1°³
2215,270,224,0.5½ºÇ¬
2216,270,119,Á¶±Ý
2217,270,87,1½ºÇ¬
2218,270,83,1Æ¼½ºÇ¬
2219,270,285,Á¶±Ý
2220,271,296,1¸ð
2221,271,122,1´ë
2222,271,133,1Å«¼ú
2223,271,182,2Å«¼ú
2224,271,148,0.5ÄÅ
2225,271,22,5ÄÅ
2226,271,86,4Å«¼ú
2227,272,68,0.5°³
2228,272,159,1ÁÜ
2229,272,122,1´ë
2230,272,277,600ml
2231,272,213,0.6Á¾ÀÌÄÅ
2232,272,214,4½ºÇ¬
2233,272,124,2½ºÇ¬
2234,272,133,1½ºÇ¬
2235,272,77,1½ºÇ¬
2236,272,129,Àû´ç·®
2237,273,48,400g
2238,273,299,500g
2239,273,179,1°³
2240,273,231,1°³
2241,273,70,10Àå
2242,273,188,Á¶±Ý
2243,273,83,Á¶±Ý
2244,273,199,Á¶±Ý
2245,273,36,4ÀÎºÐ
2246,274,296,1¸ð
2247,274,183,1ÄÅ
2248,274,217,1ÄÅ
2249,274,44,Àû´ç·®
2250,274,198,4Å«¼ú
2251,274,91,1Å«¼ú
2252,275,174,1°ø±â
2253,275,28,0.3°³
2254,275,234,1½ºÇ¬
2255,275,213,0.5½ºÇ¬
2256,275,277,5½ºÇ¬
2257,275,124,0.5½ºÇ¬
2258,276,49,1°³
2259,276,9,5°³
2260,276,62,2½ºÇ¬
2261,276,124,2½ºÇ¬
2262,276,271,2½ºÇ¬
2263,276,95,1Æ¼½ºÇ¬
2264,276,29,3½ºÇ¬
2265,276,114,Á¶±Ý
2266,277,61,1Äµ
2267,277,240,0.5Äµ
2268,277,53,0.25°³
2269,277,231,0.25°³
2270,277,66,2½ºÇ¬
2271,277,14,2°³
2272,277,188,Àû´ç·®
2273,277,119,Àû´ç·®
2274,278,20,8Àå
2275,278,25,1ÄÅ
2276,278,213,1.5Å«¼ú
2277,278,100,1Å«¼ú
2278,278,38,0.5Å«¼ú
2279,278,252,1Å«¼ú
2280,278,224,1ÀÛÀº¼ú
2281,278,119,Á¶±Ý
2282,279,212,15¸¶¸®
2283,279,231,0.5°³
2284,279,4,0.3°³
2285,279,293,10¾Ë
2286,279,246,1°³
2287,279,87,1½ºÇ¬
2288,279,234,1Æ¼½ºÇ¬
2289,279,84,0.5½ºÇ¬
2290,279,119,Àû´ç·®
2291,279,188,Àû´ç·®
2292,279,252,1½ºÇ¬
2293,279,188,1²¿Áý
2294,279,119,Àû´ç·®
2295,280,37,1°³
2296,280,231,0.5°³
2297,280,86,1ÄÅ
2298,280,253,1ÄÅ
2299,280,77,1½ºÇ¬
2300,280,133,1½ºÇ¬
2301,280,39,0.5½ºÇ¬
2302,281,13,1ÄÅ
2303,281,122,1ÁÙ
2304,281,277,3ÄÅ
2305,281,86,3Å«¼ú
2306,281,188,0.5Å«¼ú
2307,281,83,1Å«¼ú
2308,282,8,2Àå
2309,282,294,3½ºÇ¬
2310,282,234,3½ºÇ¬
2311,282,133,2½ºÇ¬
2312,282,292,Àû´ç·®
2313,283,126,1±×¸©
2314,283,14,1°³
2315,283,122,Àû´ç·®
2316,283,213,3½ºÇ¬
2317,283,96,2½ºÇ¬
2318,283,124,1½ºÇ¬
2319,283,277,3½ºÇ¬
2320,284,27,300g
2321,284,82,4ÁÜ
2322,284,17,1°³
2323,284,246,1°³
2324,284,122,1´ë
2325,284,133,1½ºÇ¬
2326,284,196,2½ºÇ¬
2327,284,224,1½ºÇ¬
2328,284,124,0.5½ºÇ¬
2329,284,89,1½ºÇ¬
2330,284,1,ÅåÅå
2331,284,14,4°³
2332,284,87,4½ºÇ¬
2333,285,49,1°³
2334,285,103,0.5ÁÜ
2335,285,231,0.5°³
2336,285,4,0.25°³
2337,285,271,6½ºÇ¬
2338,285,133,1½ºÇ¬
2339,285,124,4½ºÇ¬
2340,285,188,1½ºÇ¬
2341,285,196,0.5ÀÛÀº¼ú
2342,285,246,1°³
2343,285,17,1°³
2344,285,277,500ml
2345,285,202,Àû´ç·®
2346,286,14,4°³
2347,286,105,1°³
2348,286,4,150g
2349,286,57,150g
2350,286,124,50g
2351,287,296,1¸ð
2352,287,231,0.5°³
2353,287,246,2°³
2354,287,122,
2355,287,214,1.5½ºÇ¬
2356,287,56,1.5½ºÇ¬
2357,287,213,2½ºÇ¬
2358,287,124,1½ºÇ¬
2359,287,133,0.5½ºÇ¬
2360,288,296,1¸ð
2361,288,14,1°³
2362,288,51,1ºÀ
2363,288,231,1°³
2364,288,4,0.5°³
2365,288,122,1´ë
2366,288,236,4½ºÇ¬
2367,288,188,0.3½ºÇ¬
2368,288,119,ÅåÅå
2369,289,90,400g
2370,289,133,2½ºÇ¬
2371,289,274,3½ºÇ¬
2372,289,17,1°³
2373,289,85,2½ºÇ¬
2374,289,196,1½ºÇ¬
2375,289,77,2½ºÇ¬
2376,289,86,4½ºÇ¬
2377,289,22,2Á¾ÀÌÄÅ
2378,289,87,1½ºÇ¬
2379,290,51,1ºÀ
2380,290,86,2½ºÇ¬
2381,290,77,1½ºÇ¬
2382,290,213,0.5½ºÇ¬
2383,290,285,1½ºÇ¬
2384,291,225,100g
2385,291,147,1ÆÑ
2386,291,246,1°³
2387,291,44,
2388,291,83,1½ºÇ¬
2389,291,133,0.5½ºÇ¬
2390,291,56,1½ºÇ¬
2391,291,213,1½ºÇ¬
2392,291,124,0.5½ºÇ¬
2393,291,96,1½ºÇ¬
2394,291,224,1½ºÇ¬
2395,291,133,0.5½ºÇ¬
2396,291,110,0.3½ºÇ¬
2397,292,131,1°³
2398,292,213,2Æ¼½ºÇ¬
2399,292,124,1.5Æ¼½ºÇ¬
2400,292,271,1Æ¼½ºÇ¬
2401,292,133,0.5Æ¼½ºÇ¬
2402,292,234,2Æ¼½ºÇ¬
2403,293,37,1ÁÜ
2404,293,61,1Äµ
2405,293,231,0.25°³
2406,293,14,1°³
2407,293,66,1.5½ºÇ¬
2408,293,179,3½ºÇ¬
2409,293,188,Àû´ç·®
2410,293,1,Àû´ç·®
2411,294,28,1Äµ
2412,294,277,4½ºÇ¬
2413,294,91,6½ºÇ¬
2414,294,124,2½ºÇ¬
2415,295,143,3°³
2416,295,281,2Àå
2417,295,20,5ÁÙ
2418,295,292,0.5ÄÅ
2419,295,71,0.5ÄÅ
2420,295,188,1ÀÛÀº¼ú
2421,295,124,2ÀÛÀº¼ú
2422,295,239,Á¶±Ý
2423,296,161,
2424,296,214,1ÀÛÀº¼ú
2425,296,220,0.6Å«¼ú
2426,296,83,1ÀÛÀº¼ú
2427,296,133,1ÀÛÀº¼ú
2428,296,312,
2429,296,274,
2430,296,163,
2431,297,27,300g
2432,297,104,2°³
2433,298,304,28°³
2434,298,66,2½ºÇ¬
2435,298,214,1½ºÇ¬
2436,298,213,2½ºÇ¬
2437,298,100,1½ºÇ¬
2438,298,91,1½ºÇ¬
2439,298,274,1½ºÇ¬
2440,298,133,0.5½ºÇ¬
2441,298,83,0.5½ºÇ¬
2442,299,49,1°³
2443,299,188,0.5Å«¼ú
2444,299,188,2²¿Áý
2445,299,199,1Å«¼ú
2446,299,83,0.5Å«¼ú
2447,299,49,1°³
2448,299,188,0.5Å«¼ú
2449,299,188,2²¿Áý
2450,299,271,1Å«¼ú
2451,299,124,0.5Å«¼ú
2452,299,199,1Å«¼ú
2453,300,9,6ÁÙ
2454,300,14,3°³
2455,300,145,2
2456,300,303,2
2457,300,188,
2458,300,87,
2459,301,150,5½ºÇ¬
2460,301,301,5½ºÇ¬
2461,301,14,1°³
2462,301,127,1½ºÇ¬
2463,302,296,0.6¸ð
2464,302,14,3°³
2465,302,231,0.25°³
2466,302,226,2Àå
2467,302,94,
2468,302,188,
2469,302,119,
2470,303,210,0.5°³
2471,303,231,0.5°³
2472,303,25,400g
2473,303,243,1½ºÇ¬
2474,303,118,1½ºÇ¬
2475,303,274,1½ºÇ¬
2476,303,83,2½ºÇ¬
2477,303,14,2°³
2478,303,56,0.5½ºÇ¬
2479,303,214,2½ºÇ¬
2480,303,196,2½ºÇ¬
2481,303,224,2½ºÇ¬
2482,303,133,1½ºÇ¬
2483,303,119,0.5½ºÇ¬
2484,303,277,3½ºÇ¬
2485,304,225,2µ¢¾î¸®
2486,304,14,2°³
2487,304,231,
2488,304,138,
2489,304,4,
2490,304,122,
2491,304,213,3½ºÇ¬
2492,304,124,1.5½ºÇ¬
2493,304,277,0.5ÄÅ
2494,304,83,1½ºÇ¬
2495,304,133,0.5½ºÇ¬
2496,304,119,
2497,305,296,100g
2498,305,150,3½ºÇ¬
2499,305,84,1½ºÇ¬
2500,305,87,1½ºÇ¬
2501,306,93,0.5°³
2502,306,231,0.5°³
2503,306,28,Àû´ç·®
2504,306,188,2²¿Áý
2505,306,213,0.5Å«¼ú
2506,306,83,0.5Å«¼ú
2507,306,124,0.5Å«¼ú
2508,306,11,1½ºÇ¬
2509,306,222,20ml
2510,306,119,Àû´ç·®
2511,306,25,1°ø±â
2512,307,20,100g
2513,307,25,1±×¸©
2514,307,231,0.5°³
2515,307,250,1°³
2516,307,124,1Å«¼ú
2517,307,213,1Å«¼ú
2518,307,96,1Å«¼ú
2519,307,224,0.5Å«¼ú
2520,307,133,0.5Å«¼ú
2521,308,309,3ÀÙ
2522,308,182,1½ºÇ¬
2523,308,83,0.5½ºÇ¬
2524,308,285,0.5½ºÇ¬
2525,309,14,3°³
2526,309,188,3²¿Áý
2527,309,245,0.5´ë
2528,309,289,1ÄÅ
2529,309,231,0.25°³
2530,309,83,0.5Å«¼ú
2531,309,296,200g
2532,309,22,3ÄÅ
2533,309,85,1Å«¼ú
2534,309,188,Àû´ç·®
2535,309,119,Àû´ç·®
2536,310,180,
2537,310,87,
2538,311,25,1±×¸©
2539,311,211,6°³
2540,311,4,0.1°³
2541,311,161,0.1°³
2542,311,231,0.25°³
2543,311,109,1°³
2544,311,181,1°³
2545,311,122,Àû´ç·®
2546,311,111,0.5Å«¼ú
2547,311,224,1Å«¼ú
2548,311,133,1Å«¼ú
2549,311,277,200ml
2550,311,94,1Å«¼ú
2551,311,202,Àû´ç·®
2552,311,87,7Å«¼ú
2553,311,214,1.5Å«¼ú
2554,311,122,Àû´ç·®
2555,312,47,600g
2556,312,258,0.25°³
2557,312,274,0.5´ë
2558,312,133,1Å«¼ú
2559,312,196,6½ºÇ¬
2560,312,224,1½ºÇ¬
2561,312,38,2½ºÇ¬
2562,312,160,2½ºÇ¬
2563,312,214,0.5½ºÇ¬
2564,312,124,3½ºÇ¬
2565,312,110,0.2½ºÇ¬
2566,312,1,1²¿Áý
2567,312,83,1½ºÇ¬
2568,313,8,2Àå
2569,313,281,2Àå
2570,313,292,³Ë³ËÈ÷
2571,313,234,2½ºÇ¬
2572,313,133,1½ºÇ¬
2573,313,124,0.5½ºÇ¬
2574,313,239,0.5½ºÇ¬
2575,314,131,1°³
2576,314,248,
2577,314,258,0.25°³
2578,314,133,1ÀÛÀº¼ú
2579,314,277,
2580,314,170,2Å«¼ú
2581,314,38,2Å«¼ú
2582,314,224,1Å«¼ú
2583,314,271,1Å«¼ú
2584,314,124,1Å«¼ú
2585,315,296,200g
2586,315,260,4Å«¼ú
2587,315,243,5Å«¼ú
2588,315,188,0.5Æ¼½ºÇ¬
2589,316,301,180g
2590,316,14,1°³
2591,316,156,150g
2592,316,301,Àû´ç·®
2593,317,225,2µ¢ÀÌ
2594,317,231,
2595,317,4,
2596,317,79,
2597,317,14,2°³
2598,317,150,Àû´ç·®
2599,317,188,
2600,317,119,
2601,317,133,1Å«¼ú
2602,318,8,1Àå
2603,318,218,1Àå
2604,318,240,2½ºÇ¬
2605,318,234,0.5½ºÇ¬
2606,318,124,Àû´ç·®
2607,319,296,1¸ð
2608,319,122,Àû´ç·®
2609,319,246,2°³
2610,319,277,2½ºÇ¬
2611,319,224,2½ºÇ¬
2612,319,271,2½ºÇ¬
2613,319,214,1½ºÇ¬
2614,319,133,1½ºÇ¬
2615,319,124,1½ºÇ¬
2616,319,196,1½ºÇ¬
